{"cameraMode":{"drawMode":0,"name":"Shaded","section":"Shading Mode"},"sceneLighting":false,"audioPlay":false,"sceneViewState":{"m_AlwaysRefresh":false,"showFog":true,"showSkybox":false,"showFlares":true,"showImageEffects":true,"showParticleSystems":true,"showVisualEffectGraphs":true,"m_FxEnabled":true},"in2DMode":false,"pivot":{"x":0.0056778788566589359,"y":0.03700713813304901,"z":0.004999995231628418},"rotation":{"x":0.09145242720842362,"y":0.6325886249542236,"z":-0.0754188820719719,"w":0.7654488682746887},"size":0.5279878377914429,"orthographic":false}