{"cameraMode":{"drawMode":0,"name":"Shaded","section":"Shading Mode"},"sceneLighting":false,"audioPlay":false,"sceneViewState":{"m_AlwaysRefresh":false,"showFog":true,"showSkybox":false,"showFlares":true,"showImageEffects":true,"showParticleSystems":true,"showVisualEffectGraphs":true,"m_FxEnabled":true},"in2DMode":false,"pivot":{"x":-9.65230941772461,"y":13.770915985107422,"z":-21.387449264526368},"rotation":{"x":-0.28000903129577639,"y":0.006333102006465197,"z":-0.0018473798409104348,"w":-0.9599778652191162},"size":12.124356269836426,"orthographic":false}