{"cameraMode":{"drawMode":0,"name":"Shaded","section":"Shading Mode"},"sceneLighting":false,"audioPlay":false,"sceneViewState":{"m_AlwaysRefresh":false,"showFog":true,"showSkybox":false,"showFlares":true,"showImageEffects":true,"showParticleSystems":true,"showVisualEffectGraphs":true,"m_FxEnabled":true},"in2DMode":false,"pivot":{"x":0.11388230323791504,"y":1.1506805419921876,"z":0.24901080131530763},"rotation":{"x":0.021509286016225816,"y":-0.9783467054367065,"z":0.1541818082332611,"w":0.1364809274673462},"size":1.375217318534851,"orthographic":false}