{"cameraMode":{"drawMode":0,"name":"Shaded","section":"Shading Mode"},"sceneLighting":false,"audioPlay":false,"sceneViewState":{"m_AlwaysRefresh":false,"showFog":true,"showSkybox":false,"showFlares":true,"showImageEffects":true,"showParticleSystems":true,"showVisualEffectGraphs":true,"m_FxEnabled":true},"in2DMode":false,"pivot":{"x":-0.10600000619888306,"y":-0.038000062108039859,"z":-0.660785436630249},"rotation":{"x":0.017982812598347665,"y":-0.18281792104244233,"z":0.003444764530286193,"w":0.983036994934082},"size":0.895467221736908,"orthographic":false}